{
  "Workflows": [
    {
      "Path": null,
      "SortBy": 0,
      "VariablesSectionElementsOrder": [],
      "ArgumentsSectionElementsOrder": null,
      "ConstantsSectionElementsOrder": [],
      "AddedNamespaces": null
    },
    {
      "Path": "Main.xaml",
      "SortBy": 0,
      "VariablesSectionElementsOrder": [
        "Systemexception&TryCatch_1",
        "ExceptionSource&TryCatch_1",
        "ExceptionMessage&TryCatch_1"
      ],
      "ArgumentsSectionElementsOrder": [
        "log",
        "source",
        "message"
      ],
      "ConstantsSectionElementsOrder": [],
      "AddedNamespaces": null
    }
  ]
}