{"resetAllValues":false,"formDefaultsGrid":[],"exceptionsGrid":[],"settingsGrid":[{"settingsGridFieldKey":"logF_BusinessProcessName","settingsGridValue":"Test Automation","settingsGridDescription":"Name of the automation project. This will appear in the Forms."},{"settingsGridFieldKey":"userGuideUrl","settingsGridValue":"","settingsGridDescription":"URL link to the automation's user guide. Must start with http:// or https:// Example: https://www.google.com"},{"settingsGridFieldKey":"automationDescription","settingsGridValue":"This automation allows you to select an output folder.","settingsGridDescription":"Automation description to appear in the Form activity at runtime."},{"settingsGridFieldKey":"errorEmailRecipient","settingsGridValue":"","settingsGridDescription":"Prepopulate the email address that errors should be sent to if the user chooses to send an email in the event of an error."},{"settingsGridFieldKey":"orchestratorQueueName","settingsGridValue":"ProcessABCQueue","settingsGridDescription":"If you're using queues, this is the Orchestrator queue Name. The value must match with the queue name defined on Orchestrator."},{"settingsGridFieldKey":"orchestratorQueueFolder","settingsGridValue":"","settingsGridDescription":""}],"constantsGrid":[{"constantsGridFieldKey":"formTitle","constantsGridValue":"UiPath","constantsGridDescription":"Title for the User Inputs and Results Forms"},{"constantsGridFieldKey":"maxRetryNumber","constantsGridValue":"3","constantsGridDescription":"Must be 0 if working with Orchestrator queues. If > 0, the robot will retry the same transaction which failed with a system exception. Must be an integer value."},{"constantsGridFieldKey":"maxConsecutiveSystemExceptions","constantsGridValue":"3","constantsGridDescription":"The number of consecutive system exceptions allowed. If MaxConsecutiveSystemExceptions is reached, the job is stopped. To disable this feature, set the value to 0. "},{"constantsGridFieldKey":"exScreenshotsFolderPath","constantsGridValue":"Exceptions_Screenshots","constantsGridDescription":"Where to save exceptions screenshots - can be a full or a relative path."},{"constantsGridFieldKey":"logMessage_GetTransactionData","constantsGridValue":"Processing Transaction Number: ","constantsGridDescription":"Static part of logging message. Calling Get Transaction Data."},{"constantsGridFieldKey":"logMessage_GetTransactionDataError","constantsGridValue":"Error getting transaction data for Transaction Number: ","constantsGridDescription":"Static part of logging message. Error retrieving Transaction Data."},{"constantsGridFieldKey":"logMessage_Success","constantsGridValue":"Transaction Successful.","constantsGridDescription":"Static part of logging message. Processed Transaction succesful."},{"constantsGridFieldKey":"logMessage_BusinessRuleException","constantsGridValue":"Business rule exception.","constantsGridDescription":"Static part of logging message. Processed Transaction failed with business exception."},{"constantsGridFieldKey":"logMessage_ApplicationException","constantsGridValue":"System exception.","constantsGridDescription":"Static part of logging message. Processed Transaction failed with application exception."},{"constantsGridFieldKey":"exceptionMessage_ConsecutiveErrors","constantsGridValue":"The maximum number of consecutive system exceptions was reached. ","constantsGridDescription":"Error message in case MaxConsecutiveSystemExceptions number is reached."},{"constantsGridFieldKey":"retryNumberGetTransactionItem","constantsGridValue":"2","constantsGridDescription":"The number of times Get Transaction Item activity is retried in case of an exception. Must be an integer >= 1."},{"constantsGridFieldKey":"retryNumberSetTransactionStatus","constantsGridValue":"2","constantsGridDescription":"The number of times Set transaction status activity is retried in case of an exception. Must be an integer >= 1. "},{"constantsGridFieldKey":"shouldMarkJobAsFaulted","constantsGridValue":"FALSE","constantsGridDescription":"Must be TRUE or FALSE. If the value is TRUE and an error occurs in Initialization state or the MaxConsecutiveSystemExceptions is reached, the job is marked as Faulted."}],"assetsGrid":[],"cancel":false,"save":true}