[
  {
    "Constant": false,
    "Name": "statusWindowMessage",
    "TypeFullyQualifiedName": "System.String, System.Private.CoreLib, Version=6.0.0.0, Culture=neutral, PublicKeyToken=7cec85d7bea7798e",
    "UnresolvedTypeFullyQualifiedName": null,
    "Expression": "\"Starting up\"",
    "IsLiteral": false
  },
  {
    "Constant": false,
    "Name": "Config",
    "TypeFullyQualifiedName": "System.Collections.Generic.Dictionary`2[[System.String, System.Private.CoreLib, Version=6.0.0.0, Culture=neutral, PublicKeyToken=7cec85d7bea7798e],[System.Object, System.Private.CoreLib, Version=6.0.0.0, Culture=neutral, PublicKeyToken=7cec85d7bea7798e]], System.Private.CoreLib, Version=6.0.0.0, Culture=neutral, PublicKeyToken=7cec85d7bea7798e",
    "UnresolvedTypeFullyQualifiedName": null,
    "Expression": null,
    "IsLiteral": false
  },
  {
    "Constant": false,
    "Name": "instanceName",
    "TypeFullyQualifiedName": "System.String, System.Private.CoreLib, Version=6.0.0.0, Culture=neutral, PublicKeyToken=7cec85d7bea7798e",
    "UnresolvedTypeFullyQualifiedName": null,
    "Expression": "\"0\"",
    "IsLiteral": false
  }
]