{
  "exportedBy": null,
  "bundleHash": null,
  "version": "1.0.0.0",
  "jitAssemblyCompilerCommands": [
    {
      "providerName": "CustomEntities",
      "bundleOptions": {
        "hash": "oU6qnr+JT49uA8eYk+YWcAerj/+mR2WIB3lg2+We5rWMLDn57At0FkH7NXyxMmXVwhQfUWKSaoJsVj22TeSqyQ==",
        "bundleName": "CE8940DFCC3_v1_sub_sentimentminus_signanalysis_Create",
        "entitiesBundle": {
          "Types": {
            "sentimentBreakdown": {
              "name": "sentimentBreakdown",
              "properties": [
                {
                  "name": "neutralStatements",
                  "type": {
                    "ClrType": "System.Nullable`1[[System.Int64, System.Private.CoreLib]], System.Private.CoreLib"
                  }
                },
                {
                  "name": "positiveStatements",
                  "type": {
                    "ClrType": "System.Nullable`1[[System.Int64, System.Private.CoreLib]], System.Private.CoreLib"
                  }
                },
                {
                  "name": "totalStatements",
                  "type": {
                    "ClrType": "System.Nullable`1[[System.Int64, System.Private.CoreLib]], System.Private.CoreLib"
                  }
                },
                {
                  "name": "negativeStatements",
                  "type": {
                    "ClrType": "System.Nullable`1[[System.Int64, System.Private.CoreLib]], System.Private.CoreLib"
                  }
                }
              ],
              "baseType": null
            },
            "overallSentiment": {
              "name": "overallSentiment",
              "properties": [
                {
                  "name": "label",
                  "type": {
                    "ClrType": "System.String, System.Private.CoreLib"
                  }
                },
                {
                  "name": "score",
                  "type": {
                    "ClrType": "System.Nullable`1[[System.Int64, System.Private.CoreLib]], System.Private.CoreLib"
                  }
                }
              ],
              "baseType": null
            },
            "sentimentAnalysis": {
              "name": "sentimentAnalysis",
              "properties": [
                {
                  "name": "sentimentBreakdown",
                  "type": {
                    "definitionName": "sentimentBreakdown"
                  }
                },
                {
                  "name": "overallSentiment",
                  "type": {
                    "definitionName": "overallSentiment"
                  }
                },
                {
                  "name": "analysis",
                  "type": {
                    "ClrType": "System.String, System.Private.CoreLib"
                  }
                },
                {
                  "name": "sentimentBreakdownStr",
                  "type": {
                    "ClrType": "System.String, System.Private.CoreLib"
                  }
                },
                {
                  "name": "confidenceLevel",
                  "type": {
                    "ClrType": "System.Nullable`1[[System.Int64, System.Private.CoreLib]], System.Private.CoreLib"
                  }
                },
                {
                  "name": "overallSentimentStr",
                  "type": {
                    "ClrType": "System.String, System.Private.CoreLib"
                  }
                },
                {
                  "name": "keyPhrasesStr",
                  "type": {
                    "ClrType": "System.String, System.Private.CoreLib"
                  },
                  "isCollection": true,
                  "collectionGenericType": {
                    "ClrType": "System.Collections.Generic.List`1, System.Private.CoreLib"
                  }
                },
                {
                  "name": "undertonesStr",
                  "type": {
                    "ClrType": "System.String, System.Private.CoreLib"
                  },
                  "isCollection": true,
                  "collectionGenericType": {
                    "ClrType": "System.Collections.Generic.List`1, System.Private.CoreLib"
                  }
                }
              ],
              "baseType": null
            },
            "usage": {
              "name": "usage",
              "properties": [
                {
                  "name": "total_tokens",
                  "type": {
                    "ClrType": "System.Nullable`1[[System.Int64, System.Private.CoreLib]], System.Private.CoreLib"
                  }
                },
                {
                  "name": "completion_tokens",
                  "type": {
                    "ClrType": "System.Nullable`1[[System.Int64, System.Private.CoreLib]], System.Private.CoreLib"
                  }
                },
                {
                  "name": "prompt_tokens",
                  "type": {
                    "ClrType": "System.Nullable`1[[System.Int64, System.Private.CoreLib]], System.Private.CoreLib"
                  }
                }
              ],
              "baseType": null
            },
            "v1_sub_sentimentminus_signanalysis_Create": {
              "name": "v1_sub_sentimentminus_signanalysis_Create",
              "properties": [
                {
                  "name": "sentimentAnalysis",
                  "type": {
                    "definitionName": "sentimentAnalysis"
                  }
                },
                {
                  "name": "usage",
                  "type": {
                    "definitionName": "usage"
                  }
                },
                {
                  "name": "promptTokens",
                  "type": {
                    "ClrType": "System.Nullable`1[[System.Int64, System.Private.CoreLib]], System.Private.CoreLib"
                  }
                },
                {
                  "name": "model",
                  "type": {
                    "ClrType": "System.String, System.Private.CoreLib"
                  }
                },
                {
                  "name": "id",
                  "type": {
                    "ClrType": "System.String, System.Private.CoreLib"
                  }
                },
                {
                  "name": "completionTokens",
                  "type": {
                    "ClrType": "System.Nullable`1[[System.Int64, System.Private.CoreLib]], System.Private.CoreLib"
                  }
                },
                {
                  "name": "method",
                  "type": {
                    "ClrType": "System.String, System.Private.CoreLib"
                  }
                },
                {
                  "name": "created",
                  "type": {
                    "ClrType": "System.Nullable`1[[System.Int64, System.Private.CoreLib]], System.Private.CoreLib"
                  }
                },
                {
                  "name": "_object",
                  "type": {
                    "ClrType": "System.String, System.Private.CoreLib"
                  },
                  "attributes": {
                    "values": [
                      {
                        "Type": {
                          "ClrType": "Newtonsoft.Json.JsonPropertyAttribute, Newtonsoft.Json"
                        },
                        "constructorArguments": [],
                        "namedArguments": [
                          {
                            "name": "PropertyName",
                            "value": {
                              "Value": "\"object\"",
                              "type": {
                                "ClrType": "System.String, System.Private.CoreLib"
                              }
                            }
                          }
                        ]
                      }
                    ]
                  }
                },
                {
                  "name": "totalTokens",
                  "type": {
                    "ClrType": "System.Nullable`1[[System.Int64, System.Private.CoreLib]], System.Private.CoreLib"
                  }
                }
              ],
              "baseType": null
            }
          },
          "version": 1
        }
      },
      "entityAssemblyKey": {
        "name": "UiPath.IntegrationService.Activities.SWEntities.CE8940DFCC3_v1_sub_sentimentminus_signanalysis_Create",
        "hash": "b1U2cW5yK0pUNDl1QThlWWsrWVdjQWVyai8rbVIyV0lCM2xnMitXZTVyV01MRG41N0F0MEZrSDdOWHl4TW1YVndoUWZVV0tTYW9Kc1ZqMjJUZVNxeVE9PQ",
        "assemblyName": "CE8940DFCC3_v1_sub_s.j0dnMXjsTL1xvA2T2Au9pb"
      }
    }
  ]
}